rule_id,category,rule,title,subtitle,description,example_1,example_2,correct_sentences_json,correct_sentences_count,wrong_sentences_json,wrong_sentences_count,reviewer_one_acceptance_count,reviewer_two_acceptance_count,done
1.1.1,இலக்கண அமைப்பில் சொற்கள்,1.1.1,பெயர் + பெயர்,,முதல் சொல் ஓரசையாகவும் அதில் வரும் உயிர் குறிலாகவும் இருந்து அடுத்து வரும் சொல் உயிரெழுத்தில் தொடங்குமானால் முதல் சொல்லின் இறுதி மெய்யெழுத்து இரட்டிக்கும்,கண்ணசைவு,மண்ணாசை,"[""SEN-00001"", ""SEN-00002"", ""SEN-00003""]",3,[],0,0,0,FALSE
1.1.2,இலக்கண அமைப்பில் சொற்கள்,1.1.2,பெயர் + பெயர்,,முதல் பெயர்ச்சொல் ஓரெழுத்தாக இருந்து அடுத்து வரும் சொல் வல்லெழுத்தில் தொடங்குமானால் அந்த வல்லெழுத்து மிகும்,தீச்சுடர்,மாக்கோலம்,"[""SEN-00004""]",1,[],0,0,0,FALSE
1.1.3அ,இலக்கண அமைப்பில் சொற்கள்,1.1.3அ,பெயர் + பெயர்,,ஓரசை அல்லது ஈரசையாக இருக்கும் முதல் சொல்லின் இறுதி எழுத்து மெய்யெழுத்தாக இருந்தால் அடுத்து வரும் சொல்லின் முதல் எழுத்தான உயிரெழுத்து மெய்யெழுத்துடன் சேர்த்து எழுதப்படுகிறது,,,[],0,[],0,0,0,FALSE
1.1.3ஆ,இலக்கண அமைப்பில் சொற்கள்,1.1.3ஆ,பெயர் + பெயர்,,இரண்டாவது சொல்லால் முதல் சொல்லின் இறுதியில் ஒற்று மிகும்போது சொற்கள் இடம்விட்டு எழுதப்படுகின்றன,தாயன்பு,உயிரோட்டம்,"[""SEN-00005"", ""SEN-00006"", ""SEN-00007"", ""SEN-00008"", ""SEN-00009"", ""SEN-00010"", ""SEN-00011"", ""SEN-00012""]",8,[],0,0,0,FALSE
1.1.4அ,இலக்கண அமைப்பில் சொற்கள்,1.1.4அ,பெயர் + பெயர்,,"ஓரசைச் சொற்களில் உள்ள ல், ள், ன் என்னும் இறுதி மெய்யெழுத்துக்கள் அடுத்து வரும் சொல்லால் வேறொரு எழுத்தாக மாற்றம் அடைவதை ஏற்றுக்கொண்ட நிலையில் இரண்டு சொற்களையும் சேர்த்து எழுத வேண்டும்",பாற்சோறு,நெற்பயிர்,"[""SEN-00013"", ""SEN-00014""]",2,[],0,0,0,FALSE
1.1.4ஆ,இலக்கண அமைப்பில் சொற்கள்,1.1.4ஆ,பெயர் + பெயர்,,"பல அசைகளால் ஆன சொற்களில் உள்ள ம் என்னும் இறுதி மெய்யெழுத்து அடுத்து வரும் சொல்லால் மறைந்தாலும் மறைந்து ஒற்று ஏற்கும்போதும் ய், ழ் என்னும் இறுதி மெய்யெழுத்துக்கள் ஒற்று ஏற்கும்போதும் சொற்களை இடம்விட்டு எழுத வேண்டும்",அரசாங்க விலை,பணத் திமிர்,"[""SEN-00015"", ""SEN-00016"", ""SEN-00017""]",3,[],0,0,0,FALSE
1.2.1,இலக்கண அமைப்பில் சொற்கள்,1.2.1,பெயர் + பெயர் (உடம்படுமெய்),,உயிரெழுத்தில் முடியும் சொற்களின் பின் உயிரெழுத்தில் தொடங்கும் சொற்கள் வரும்போது ய் அல்லது வ் என்னும் உடம்படுமெய்யுடன் எழுதுவது தவிர்க்கப்பட்டு இடம்விட்டே எழுதப்படுகின்றன,அணு உலை,கொசு ஒழிப்பு,"[""SEN-00018"", ""SEN-00019"", ""SEN-00020"", ""SEN-00021"", ""SEN-00022"", ""SEN-00023""]",6,[],0,0,0,FALSE
1.3.1,இலக்கண அமைப்பில் சொற்கள்,1.3.1,-அம் ஏற்ற பெயர் + பெயர்,,சில பெயர்ச்சொற்கள் -அம் ஏற்று அடையாக வரும் நிலையில் அடுத்து வரும் சொல்லோடு சேர்த்து எழுதலாம்,வேப்பங்கொட்டை(வேப்பம் <- வேம்பு),தென்னம்பாளை,[],0,[],0,0,0,FALSE
1.4.1அ,இலக்கண அமைப்பில் சொற்கள்,1.4.1அ,பெயரடை + பெயர்,,பெயரடை ஒரு எழுத்தாகவோ ஓரசையாகவோ இருக்குமானால் அடுத்து வரும் சொல்லுடன் சேர்த்து எழுத வேண்டும்,ஏழுலகு,ஓராண்டு,"[""SEN-00024"", ""SEN-00025"", ""SEN-00026"", ""SEN-00027"", ""SEN-00028"", ""SEN-00029""]",6,[],0,0,0,FALSE
1.4.1ஆ,இலக்கண அமைப்பில் சொற்கள்,1.4.1ஆ,பெயரடை + பெயர்,,"ஓரசை அல்லாத, பல அசைகளால் ஆன பெயரடைகளை இடம்விட்டு எழுத வேண்டும்",இளம் எழுத்தாளர்,ணூடும் எரிச்சல்,"[""SEN-00030"", ""SEN-00031"", ""SEN-00032"", ""SEN-00033"", ""SEN-00034""]",5,[],0,0,0,FALSE
1.5.1அ,இலக்கண அமைப்பில் சொற்கள்,1.5.1அ,பெயர் + இடைச்சொல்,,"முதல் சொல்லில் வேற்றுமை உருபு இல்லாதபோது அடுத்து வரும் கீழ், குறித்த, குறித்து, பற்றி, பற்றிய, மீதான, மீது, மூலம், மேல் முதலிய இடைச்சொற்களைச் சேர்த்து எழுத வேண்டும்",என்கீழ்,விழாகுறித்து,"[""SEN-00035"", ""SEN-00036"", ""SEN-00037"", ""SEN-00038""]",4,[],0,0,0,FALSE
1.5.1ஆ,இலக்கண அமைப்பில் சொற்கள்,1.5.1ஆ,பெயர் + இடைச்சொல்,,முதல் சொல் வேற்றுமை உருபு ஏற்று வருகிறபோது அடுத்து வரும் இடைச்சொற்களை இடம்விட்டு எழுத வேண்டும்,பெட்டியின் கீழ்,விழாவைக் குறித்து,"[""SEN-00039"", ""SEN-00040"", ""SEN-00041"", ""SEN-00042""]",4,[],0,0,0,FALSE
1.6.1,இலக்கண அமைப்பில் சொற்கள்,1.6.1,பெயர் + வினை,,ஒரு பெயர்ச்சொல்லை வினைப்படுத்துகிற வினையை அந்தப் பெயர்ச்சொல்லோடு சேர்த்து எழுத வேண்டும்,கைதுசெய்,கவலைப்படு,"[""SEN-00043""]",1,[],0,0,0,FALSE
1.7.1,இலக்கண அமைப்பில் சொற்கள்,1.7.1,வினையடி + பெயர்,,வினையடியைத் தொடர்ந்து வருகிற பெயர்ச்சொல் வினைத்தொகையாக இருக்குமானால் சேர்த்து எழுத வேண்டும்,குடிதண்ணீர்,கொதிநீர்,"[""SEN-00044"", ""SEN-00045""]",2,[],0,0,0,FALSE
1.7.2.1,இலக்கண அமைப்பில் சொற்கள்,1.7.2.1,வினையடி + பெயர்,,வினையடியின் முன் பெயர்ச்சொல் வருகிறபோது அந்தப் பெயர்ச்சொல்லுடன் வினையடி சேர்த்து எழுதப்படுகிறது,கடல்வாழ் உயிரினங்கள்,அரசுசார் நிறுவனம்,"[""SEN-00046"", ""SEN-00047""]",2,[],0,0,0,FALSE
1.8.1,இலக்கண அமைப்பில் சொற்கள்,1.8.1,வினை + வினை,,துணை வினையை அல்லது துணை வினைகளை முதன்மை வினையோடு சேர்த்து எழுத வேண்டும்,காட்டப்பட்டுள்ளது.),படித்திருக்கிறேன். (படித்து இருக்கிறேன்),"[""SEN-00048"", ""SEN-00049"", ""SEN-00050"", ""SEN-00051"", ""SEN-00052"", ""SEN-00053"", ""SEN-00054"", ""SEN-00055""]",8,[],0,0,0,FALSE
1.9.1,இலக்கண அமைப்பில் சொற்கள்,1.9.1,செ(ய்)ய வினையெச்சம் + வினை,,"செ(ய்)ய என்னும் வினையெச்சத்துடன் செய், பண்ணு, வை முதலிய வினைகளைச் சேர்த்து எழுத வேண்டும்",முதலிய,அவனைக் கடைக்குப்,"[""SEN-00056"", ""SEN-00057"", ""SEN-00058"", ""SEN-00059"", ""SEN-00060"", ""SEN-00061""]",6,[],0,0,0,FALSE
1.10.1,இலக்கண அமைப்பில் சொற்கள்,1.10.1,வினையெச்சம் + வினை,,உகரத்தில் முடியும் செய்து என்னும் வினையெச்சங்கள் அவற்றின் பின் வரும் வினைச் சொற்களுக்கு நிகழ்வு நடந்த முறையைக் காட்டும் அடையாக வரும்போது பெரும்பாலும் சேர்த்து எழுதப்படுகின்றன,கேட்டறிந்தேன்,தொட்டுணரலாம்,"[""SEN-00062""]",1,[],0,0,0,FALSE
1.11.1,இலக்கண அமைப்பில் சொற்கள்,1.11.1,இரட்டைச் சொற்கள்,,"மரபாக இணைந்து வரும் பெயர்ச் சொற்கள், 'உம்' மறைந்து வரும்போது சேர்த்தே எழுதப்படுகின்றன",செடிகொடி,இலைதழை,"[""SEN-00063"", ""SEN-00064"", ""SEN-00065"", ""SEN-00066"", ""SEN-00067""]",5,[],0,0,0,FALSE
1.11.2,இலக்கண அமைப்பில் சொற்கள்,1.11.2,இரட்டைச் சொற்கள்,,இரட்டித்து வரும் சொற்கள் சேர்த்தே எழுதப்படுகின்றன,சிறுசிறு,திரும்பத்திரும்ப,"[""SEN-00068""]",1,[],0,0,0,FALSE
1.12.1அ,இலக்கண அமைப்பில் சொற்கள்,1.12.1அ,முன்னும் பின்னும் வரும் சொற்கள்,,அடை ஏற்று வரும் பெயர்ச்சொல்லை அடுத்து மற்றொரு பெயரோ வினையோ வருமானால் அடையும் பெயரும் சேர்த்து எழுதப்படுகின்றன,பெயரெடு: நல்லபெயர் எடு,மணியோசை: ஆலயமணி ஓசை,"[""SEN-00069"", ""SEN-00070"", ""SEN-00071""]",3,[],0,0,0,FALSE
1.12.1ஆ,இலக்கண அமைப்பில் சொற்கள்,1.12.1ஆ,முன்னும் பின்னும் வரும் சொற்கள்,,சேர்த்து எழுதப்படும் சொற்களில் உள்ள பெயர்ச்சொல் அடை ஏற்கும் நிலையில் அந்த அடையுடன் சேர வதால் பிரித்து எழுதப்படுகிறது,,,[],0,[],0,0,0,FALSE
1.13.1,இலக்கண அமைப்பில் சொற்கள்,1.13.1,இடைச்சொல் ஏற்கும் சொற்கள்,,"சேர்த்து எழுதப்பட வேண்டிய சொற்களின் முதல் சொல்லில் ஆ, ஏ, ஓ, உம், ஆவது முதலிய இடைச்சொற்கள் சேரும்போது இரண்டாவது சொல்லைப் பிரித்து எழுத வேண்டும்",முடித்தா விட்டான் (முடித்துவிட்டான்),வந்தே விட்டது (வந்துவிட்டது),"[""SEN-00072"", ""SEN-00073"", ""SEN-00074"", ""SEN-00075"", ""SEN-00076""]",5,[],0,0,0,FALSE
2.1,தனிச் சொற்களை எழுதும் முறை,2.1,அ,,சுட்டெழுத்து; அடுத்து வரும் சொல்லோடு சேர்த்தே எழுதப்படுகிறது,அக்காலத்தில்,அச்சமயம்,"[""SEN-00077"", ""SEN-00078""]",2,[],0,0,0,FALSE
2.2அ,தனிச் சொற்களை எழுதும் முறை,2.2அ,அடை,,'உ'வில் முடியும் சொற்களோடு சேர்த்தே எழுதலாம்,நான் வியப்படைந்தேன்.,நாங்கள் சோர்வடைந்துவிட்டோம்.,[],0,[],0,0,0,FALSE
2.2ஆ,தனிச் சொற்களை எழுதும் முறை,2.2ஆ,அடை,,உயிரெழுத்தில் ('உ' தவிர) அல்லது மெய்யெழுத்தில் முடியும் சொற்களின் பின் இடம்விட்டு எழுதலாம்,நான் மகிழ்ச்சி அடைந்தேன்.,நாங்கள் பெருமை அடைகிறோம்.,"[""SEN-00079""]",1,[],0,0,0,FALSE
2.3,தனிச் சொற்களை எழுதும் முறை,2.3,அருகில்/அருகே,,'உ'வில் முடியும் சில சொற்களின் பின் சேர்த்து எழுதப்படுகின்றன,கதவருகில்,கிணற்றருகே,[],0,[],0,0,0,FALSE
2.4அ,தனிச் சொற்களை எழுதும் முறை,2.4அ,அல்ல,,மறுத்தல் அல்லாத பொருளில் சேர்த்து எழுத வேண்டும்,"என் கண்ணல்ல, அதைத் தந்துவிடு!",அது ஒரு பொருட்டல்ல.,[],0,[],0,0,0,FALSE
2.4ஆ,தனிச் சொற்களை எழுதும் முறை,2.4ஆ,அல்ல,,மறுத்துக் கூறும் முறையில் தனித்து எழுத வேண்டும்,இது வாக்குறுதி அல்ல.,பெரிய பங்களா அல்ல.,"[""SEN-00080"", ""SEN-00081""]",2,[],0,0,0,FALSE
2.5,தனிச் சொற்களை எழுதும் முறை,2.5,அல்லது,,எல்லா இடங்களிலும் தனித்தே எழுதப்படுகிறது,மணி பத்து அல்லது பத்தரை இருக்கும்.,நீ போகிறாயா அல்லது நான்      போகவா?,[],0,[],0,0,0,FALSE
2.6அ,தனிச் சொற்களை எழுதும் முறை,2.6அ,அல்லவா,,பயனிலை தவிர்ந்த பிற சொற்களோடு சேர்த்து எழுத வேண்டும்,நீயல்லவா இதைச் சொல்லியிருக்க வேண்டும்?,அவர் வெளிநாட்டுக்கல்லவா போயிருக்கிறார்?,"[""SEN-00082""]",1,[],0,0,0,FALSE
2.6ஆ,தனிச் சொற்களை எழுதும் முறை,2.6ஆ,அல்லவா,,பயனிலையை அடுத்து வரும்போது இடம்விட்டு எழுத வேண்டும்,"நீ இதைச் சொல்லியிருக்க வேண்டும்,அல்லவா?","அவர் வெளிநாட்டுக்குப் போயிருக்கிறார், அல்லவா?","[""SEN-00083"", ""SEN-00084""]",2,[],0,0,0,FALSE
2.7,தனிச் சொற்களை எழுதும் முறை,2.7,அல்லாமல்,,இடம்விட்டே எழுதப்படுகிறது,நீ அல்லாமல் வேறு யார் எனக்குத் துணை?,திட்டியதோடு அல்லாமல் அடிக்கவும் செய்தான்.,[],0,[],0,0,0,FALSE
2.8அ,தனிச் சொற்களை எழுதும் முறை,2.8அ,அளவு,,"ஓரெழுத்து/ஓரசைச் சொற்களுடன், பெயரெச்சங்களுடன் சேர்த்து எழுதலாம்",கையளவு,உன்னளவில்,"[""SEN-00085"", ""SEN-00086"", ""SEN-00087""]",3,[],0,0,0,FALSE
2.8ஆ,தனிச் சொற்களை எழுதும் முறை,2.8ஆ,அளவு,,பிற நிலைகளில் இடம்விட்டு எழுதலாம்,என்னால் முடிந்த அளவு கண்டித்தேன்.,அதைக் கேட்ட அளவில் மயங்கி விழுந்தார்.,"[""SEN-00088"", ""SEN-00089""]",2,[],0,0,0,FALSE
2.9அ,தனிச் சொற்களை எழுதும் முறை,2.9அ,அளி,,'உ'வில் முடியும் சொற்களோடு சேர்த்து எழுதலாம்,எனக்கு வியப்பளித்தது.,உனக்குச் சோர்வளிக்கலாம்.,[],0,[],0,0,0,FALSE
2.9ஆ,தனிச் சொற்களை எழுதும் முறை,2.9ஆ,அளி,,பிற உயிர்/மெய்யெழுத்தில் முடியும் சொற்களின் பின் இடம்விட்டு எழுதலாம்,எனக்குக் கவலை அளிக்கிறது.,எங்களுக்குக் குழப்பம் அளித்தது.,"[""SEN-00090"", ""SEN-00091""]",2,[],0,0,0,FALSE
2.10அ,தனிச் சொற்களை எழுதும் முறை,2.10அ,அற்ற,,பெயர்ச்சொற்களோடு சேர்த்து எழுதலாம்,சிந்தனையற்ற பேச்சு,மணமற்ற மலர்,"[""SEN-00092""]",1,[],0,0,0,FALSE
2.10ஆ,தனிச் சொற்களை எழுதும் முறை,2.10ஆ,அற்ற,,அடைமொழி வரும்போது இடம்விட்டு எழுதலாம்,சுயசிந்தனை அற்ற ஒருவர்,நறுமணம் அற்ற மலர்,[],0,[],0,0,0,FALSE
2.11,தனிச் சொற்களை எழுதும் முறை,2.11,ஆகட்டும்,,சேர்த்து எழுதப்படுகிறது,,,[],0,[],0,0,0,FALSE
2.12அ,தனிச் சொற்களை எழுதும் முறை,2.12அ,ஆகாது,,தடை பொருளில் சேர்த்து எழுதலாம்,இதற்குக் கவலைப்படலாகாது.,இவர்களுக்கு இரங்குதலாகாது.,[],0,[],0,0,0,FALSE
2.12ஆ,தனிச் சொற்களை எழுதும் முறை,2.12ஆ,ஆகாது,,'இல்லை' பொருளில் இடம்விட்டு எழுதலாம்,இவ்வாறு செய்வது குற்றம் ஆகாது.,இது ஒரு சமாதானம் ஆகாது.,[],0,[],0,0,0,FALSE
2.13அ,தனிச் சொற்களை எழுதும் முறை,2.13அ,ஆகிய,,குறிப்பிட்ட ஒருவரை/ஒன்றைச் சுட்டும்போது சேர்த்து எழுதலாம்,அதன் பிரிவுகளையோ தொடர்பு,,[],0,[],0,0,0,FALSE
2.13ஆ,தனிச் சொற்களை எழுதும் முறை,2.13ஆ,ஆகிய,,தொகுப்பாகக் குறிப்பிடும்போது இடம்விட்டு எழுதலாம்,ஆதினத் தலைவராகிய ஸ்ரீலஸ்ரீ சொக்கலிங்கத் தம்பிரான்,"பாலூட்டிகளாகிய பசு, நாய் முதலியவை","[""SEN-00093"", ""SEN-00094""]",2,[],0,0,0,FALSE
2.14,தனிச் சொற்களை எழுதும் முறை,2.14,ஆயிற்றே,,சேர்த்து எழுதப்படுகிறது,அவன் நல்லவனாயிற்றே.,இது ஊர் அறிந்த ரகசியமாயிற்றே!,"[""SEN-00095""]",1,[],0,0,0,FALSE
2.15,தனிச் சொற்களை எழுதும் முறை,2.15,ஆயினும்,,சேர்த்து எழுதப்படுகிறது,வாக்கியங்களை ஒன்றாக்கும்போது முதல்,எதுவாயினும் நடக்கட்டும்.,"[""SEN-00096"", ""SEN-00097"", ""SEN-00098""]",3,[],0,0,0,FALSE
2.16,தனிச் சொற்களை எழுதும் முறை,2.16,ஆனால்,,சேர்த்து எழுதப்படுகிறது,முரண்பட்ட நிலையைக் காட்டும்போதும்,நீ வருவதானால் காத்திருக்கிறேன்.,"[""SEN-00099"", ""SEN-00100"", ""SEN-00101""]",3,[],0,0,0,FALSE
2.17,தனிச் சொற்களை எழுதும் முறை,2.17,ஆனாலும்,,சேர்த்து எழுதப்படுகிறது,எதுவானாலும் நடக்கட்டும்.,"பிரபல நடிகர் நடிக்கவில்லை; ஆனாலும்,படம் வெற்றி பெற்றுவிட்டது-> பிரபல நடிகர் நடிக்கவில்லையானாலும் படம் வெற்றிபெற்றுவிட்டது.",[],0,[],0,0,0,FALSE
2.18,தனிச் சொற்களை எழுதும் முறை,2.18,இ,,சுட்டெழுத்து; அடுத்து வரும் சொல்லோடு சேர்த்தே எழுதப்படுகிறது,இக்கணமே,இச்செய்தியால்,"[""SEN-00102""]",1,[],0,0,0,FALSE
2.19,தனிச் சொற்களை எழுதும் முறை,2.19,இடது,,எப்போதும் இடம்விட்டு எழுதப்படுகிறது,இடது கால்,இடது பக்கம்,[],0,[],0,0,0,FALSE
2.20அ,தனிச் சொற்களை எழுதும் முறை,2.20அ,இடையில்/இடையே,,'உடன்/ஓடு/மத்தியில்' பொருளில் சேர்த்து எழுதலாம்,இன்று அவர் நம்மிடையில் இல்லை.,ஊர் மக்களிடையே ஒற்றுமை இல்லை.,"[""SEN-00103""]",1,[],0,0,0,FALSE
2.20ஆ,தனிச் சொற்களை எழுதும் முறை,2.20ஆ,இடையில்/இடையே,,இடைவெளி பொருளில் இடம்விட்டு எழுதலாம்,விரல்களுக்கு இடையில்,கூடைகளுக்கு இடையே,[],0,[],0,0,0,FALSE
2.21,தனிச் சொற்களை எழுதும் முறை,2.21,இருந்து,,இடைச்சொல்லாக சேர்த்து எழுதப்படுகிறது,அங்கிருந்து புறப்பட்டோம்.,அவர்களிடமிருந்து தகவல் வரும்.,"[""SEN-00104""]",1,[],0,0,0,FALSE
2.22அ,தனிச் சொற்களை எழுதும் முறை,2.22அ,இல்லாமல்,,'மட்டும்' உடன் சேர்த்து எழுதலாம்,திட்டியதோடு மட்டுமில்லாமல் அடிக்கவும் செய்தான்.,நேரில் சொன்னதோடு மட்டுமில்லாமல் கடிதமும் எழுதினான்.,[],0,[],0,0,0,FALSE
2.22ஆ,தனிச் சொற்களை எழுதும் முறை,2.22ஆ,இல்லாமல்,,பொதுவாக இடம்விட்டு எழுதலாம்,மழை இல்லாமல் பயிர் வாடுகிறது.,நெருப்பு இல்லாமல் புகையாது.,"[""SEN-00105"", ""SEN-00106""]",2,[],0,0,0,FALSE
2.23அ,தனிச் சொற்களை எழுதும் முறை,2.23அ,இல்லை,,வினைத்தொகைக்குப் பின் சேர்த்து எழுதலாம்,,,[],0,[],0,0,0,FALSE
2.23ஆ,தனிச் சொற்களை எழுதும் முறை,2.23ஆ,இல்லை,,பெயர்ச்சொல்லுக்குப் பின் இடம்விட்டு எழுதலாம்,கண்டுகொள்வதில்லை,ஆடம்பரம் இல்லை,"[""SEN-00107"", ""SEN-00108"", ""SEN-00109"", ""SEN-00110"", ""SEN-00111""]",5,[],0,0,0,FALSE
2.24,தனிச் சொற்களை எழுதும் முறை,2.24,இன்றி,,எல்லா சொற்களுடன் சேர்த்து எழுதப்படுகிறது,உண்ண உணவின்றி மடிகின்றனர்.,அவள் சுரத்தின்றிப் பேசினாள்.,"[""SEN-00112""]",1,[],0,0,0,FALSE
2.25,தனிச் சொற்களை எழுதும் முறை,2.25,உடன்/உடனே,,"இடைச்சொல்லாக, பெயரெச்சத்துடன் சேர்த்து எழுதலாம்",இணையாக (சொல்லுருபாக),அமைச்சருடன் அதிகாரிகளும்,"[""SEN-00113"", ""SEN-00114"", ""SEN-00115""]",3,[],0,0,0,FALSE
2.26,தனிச் சொற்களை எழுதும் முறை,2.26,உடைய,,சேர்த்து எழுதப்படுகிறது,இணையாக (சொல்லுருபாக),ஆசிரியருடைய வீடு,"[""SEN-00116"", ""SEN-00117"", ""SEN-00118""]",3,[],0,0,0,FALSE
2.27அ,தனிச் சொற்களை எழுதும் முறை,2.27அ,உண்டு,,வினைத்தொகைக்குப் பின் சேர்த்து எழுதலாம்,உன்னைப் பற்றிக் கவலைப்பட்டதுண்டு.,அவர் இங்கு வருவதுண்டு.,[],0,[],0,0,0,FALSE
2.27ஆ,தனிச் சொற்களை எழுதும் முறை,2.27ஆ,உண்டு,,பெயர்ச்சொல்லுக்குப் பின் இடம்விட்டு எழுதலாம்,அவருக்குக் கிராமத்தில் நிலம் உண்டு.,இதனால் பயன் உண்டு.,"[""SEN-00119""]",1,[],0,0,0,FALSE
2.28,தனிச் சொற்களை எழுதும் முறை,2.28,உரிய,,'கு' உருபு ஏற்ற சொற்களுடன் சேர்த்து எழுதலாம்,சொத்துக்குரிய மதிப்பு,மகிழ்ச்சிக்குரிய செய்தி,"[""SEN-00120""]",1,[],0,0,0,FALSE
2.29,தனிச் சொற்களை எழுதும் முறை,2.29,உள்,,அடுத்து வரும் சொல்லுடன் சேர்த்து எழுதலாம்,உள்நாட்டுச் செய்திகள்,உள்கட்சிப் பூசல்,[],0,[],0,0,0,FALSE
2.30அ,தனிச் சொற்களை எழுதும் முறை,2.30அ,உள்ள,,சேர்த்து எழுதலாம்,‘ஒன்றிற்கு/ஒருவருக்கு உரிய(து)’ என்ற,நிறமுள்ள பூக்கள்,"[""SEN-00121""]",1,[],0,0,0,FALSE
2.30ஆ,தனிச் சொற்களை எழுதும் முறை,2.30ஆ,உள்ள,,இடம்விட்டு எழுதலாம்,வீட்டில் உள்ள பொருள்கள்,மனதில் உள்ள ஆசைகள்,[],0,[],0,0,0,FALSE
2.31,தனிச் சொற்களை எழுதும் முறை,2.31,ஊடாக/ஊடே,,'இன்' உருபு ஏற்ற சொற்களுடன் சேர்த்து எழுதலாம்,கிளைகளினூடாக சூரிய ஒளி,ஜன்னல் கம்பிகளினூடே உருவம் தெரிந்தது.,[],0,[],0,0,0,FALSE
2.32,தனிச் சொற்களை எழுதும் முறை,2.32,எ,,சுட்டெழுத்து; அடுத்து வரும் சொல்லோடு சேர்த்தே எழுதப்படுகிறது,எக்காலத்தில்,எத்தகவலும்,"[""SEN-00122""]",1,[],0,0,0,FALSE
2.33,தனிச் சொற்களை எழுதும் முறை,2.33,எங்கும்,,வேற்றுமை உருபு இல்லாத சொற்களுடன் சேர்த்து எழுதலாம்,தெருவெங்கும் தோரணம்,ஊரெங்கும் கொண்டாட்டம்,[],0,[],0,0,0,FALSE
2.34,தனிச் சொற்களை எழுதும் முறை,2.34,எதிர்,,எப்போதும் இடம்விட்டு எழுதப்படுகிறது,எதிர்த் திசை,எதிர் நடவடிக்கை,[],0,[],0,0,0,FALSE
2.35அ,தனிச் சொற்களை எழுதும் முறை,2.35அ,எல்லாம்,,தொடர்புடைய பொருட்களைக் குறிக்கும்போது சேர்த்து எழுதலாம்,கல்யாணமெல்லாம் நன்றாக நடந்ததா?,செய்தியெல்லாம் கேட்டேன்.,"[""SEN-00123"", ""SEN-00124"", ""SEN-00125"", ""SEN-00126""]",4,[],0,0,0,FALSE
2.35ஆ,தனிச் சொற்களை எழுதும் முறை,2.35ஆ,எல்லாம்,,அளவுப் பொருளில் இடம்விட்டு எழுதலாம்,சாமான் எல்லாம் வந்துவிட்டதா? போய்விட்டார்கள்.,"சொந்த ஊர், பிறந்த ஊர், படித்த ஊர் எல்லாம் மதுரைதான்.","[""SEN-00127"", ""SEN-00128"", ""SEN-00129""]",3,[],0,0,0,FALSE
2.36,தனிச் சொற்களை எழுதும் முறை,2.36,என்றால்,,இடம்விட்டு எழுதப்படுகிறது,தனிமைப்படுத்திக் கூறும்போது இடம்விட்டு,அவர் வீட்டில் இல்லை என்றால் திரும்பி வந்துவிடு.,"[""SEN-00130"", ""SEN-00131""]",2,[],0,0,0,FALSE
2.37,தனிச் சொற்களை எழுதும் முறை,2.37,என்று,,"ஒலிக்குறிப்புகளுடன், நோக்கப் பொருளில் சேர்த்து எழுதலாம்",குருவி கீச்கீச்சென்று கத்திற்று.,தலை விண்ணென்று வலிக்கிறது.,"[""SEN-00132"", ""SEN-00133"", ""SEN-00134"", ""SEN-00135""]",4,[],0,0,0,FALSE
2.38,தனிச் சொற்களை எழுதும் முறை,2.38,என்ன,,ஒன்றுமில்லை பொருளில் சேர்த்து எழுதலாம்,நமக்கென்ன என்று இருந்துவிட முடியாது. (ஆ) நல்ல நாவலை எல்லாரும் பாராட்டிப் பேசுவதில் வியப்பென்ன!,,[],0,[],0,0,0,FALSE
2.39,தனிச் சொற்களை எழுதும் முறை,2.39,என,,உவமை/மாற்று பொருளில் சேர்த்து எழுதலாம்,புலியெனப் பாய்ந்தான்.,மேடையில் இடியென முழங்கினார்.,"[""SEN-00136"", ""SEN-00137""]",2,[],0,0,0,FALSE
2.40,தனிச் சொற்களை எழுதும் முறை,2.40,எனினும்,,சேர்த்து எழுதப்படுகிறது,வேறுவேறு மதத்தவரெனினும் இந்நாட்டவரே.,புயல் வீசியது; எனினும் மழை பெய்யவில்லை -> புயல் வீசியதெனினும் மழை பெய்யவில்லை.,[],0,[],0,0,0,FALSE
2.41,தனிச் சொற்களை எழுதும் முறை,2.41,ஏற்ப,,'கு' உருபு ஏற்ற சொற்களுக்குப் பின் இடம்விட்டு எழுதலாம்,கேட்டுக்கொண்டதற்கு ஏற்பப் பணம்,அனுப்பிவைத்தார்.,[],0,[],0,0,0,FALSE
2.42,தனிச் சொற்களை எழுதும் முறை,2.42,ஏற்ற,,'கு' உருபு ஏற்ற சொற்களுக்குப் பின் இடம்விட்டு எழுதலாம்,உழைப்புக்கு ஏற்ற ஊதியம்,படிப்புக்கு ஏற்ற வேலை,"[""SEN-00138""]",1,[],0,0,0,FALSE
2.43,தனிச் சொற்களை எழுதும் முறை,2.43,ஏன்,,'கு' உருபு ஏற்ற பெயர்களுடன் சேர்த்து எழுதலாம்,நமக்கேன் இந்த ஊர் வம்பெல்லாம்?,நடிகருக்கேன் கோபம் வருகிறது? 2. சில வினை வடிவங்களோடு சேர்த்து எழுத வேண்டும்.,"[""SEN-00139"", ""SEN-00140""]",2,[],0,0,0,FALSE
2.44,தனிச் சொற்களை எழுதும் முறை,2.44,ஒரு,,பகிர்வுப் பொருளில் சேர்த்து எழுதலாம்,ஆளுக்கொரு வீடு,விரலுக்கொரு மோதிரம்,"[""SEN-00141"", ""SEN-00142"", ""SEN-00143"", ""SEN-00144""]",4,[],0,0,0,FALSE
2.45,தனிச் சொற்களை எழுதும் முறை,2.45,ஒழிய,,'ஆல்' ஏற்ற வினையெச்சத்துடன் சேர்த்து எழுதலாம்,நடக்கப்போவதில்லை.,,[],0,[],0,0,0,FALSE
2.46அ,தனிச் சொற்களை எழுதும் முறை,2.46அ,கணக்கில்,,பெரும் எண்களுடன் சேர்த்து எழுதலாம்,,,[],0,[],0,0,0,FALSE
2.46ஆ,தனிச் சொற்களை எழுதும் முறை,2.46ஆ,கணக்கில்,,அளவைச் சொற்களுடன் இடம்விட்டு எழுதலாம்,நூற்றுக்கணக்கில்,ஆயிரக்கணக்காக,"[""SEN-00145"", ""SEN-00146"", ""SEN-00147"", ""SEN-00148"", ""SEN-00149"", ""SEN-00150""]",6,[],0,0,0,FALSE
2.47,தனிச் சொற்களை எழுதும் முறை,2.47,காட்டிலும்,,எப்போதும் இடம்விட்டு எழுதப்படுகிறது,அவர்கள் நம்மைக் காட்டிலும் வசதி படைத்தவர்கள்.,அவனோடு பேசுவதைக் காட்டிலும் பேசாமலிருப்பது மேல்.,[],0,[],0,0,0,FALSE
2.48அ,தனிச் சொற்களை எழுதும் முறை,2.48அ,கீழ்,,அடுத்து வரும் சொல்லுடன் சேர்த்து எழுதலாம்,என்கீழ்,கீழ்த்தாடை,"[""SEN-00151"", ""SEN-00152""]",2,[],0,0,0,FALSE
2.48ஆ,தனிச் சொற்களை எழுதும் முறை,2.48ஆ,கீழ்,,இடம்விட்டு எழுதலாம்,பெட்டியின் கீழ்,,[],0,[],0,0,0,FALSE
2.49,தனிச் சொற்களை எழுதும் முறை,2.49,கீழ/கீழை,,இடம்விட்டு எழுதப்படுகிறது,கீழ வாசல்,கீழை நாடுகள்,[],0,[],0,0,0,FALSE
2.50அ,தனிச் சொற்களை எழுதும் முறை,2.50அ,குறித்து/குறித்த,,வேற்றுமை உருபு இல்லாத சொல்லுடன் சேர்த்து எழுதலாம்,விழாகுறித்து,,[],0,[],0,0,0,FALSE
2.50ஆ,தனிச் சொற்களை எழுதும் முறை,2.50ஆ,குறித்து/குறித்த,,வேற்றுமை உருபு ஏற்ற சொல்லுடன் இடம்விட்டு எழுதலாம்,விழாவைக் குறித்து,,[],0,[],0,0,0,FALSE
2.51அ,தனிச் சொற்களை எழுதும் முறை,2.51அ,கூட,,'உம்' பொருளில் சேர்த்து எழுதலாம்,ஒரு சொட்டுத் தண்ணீர்கூட,உன்கூட (=உன்னோடு) நானும் வருகிறேன்.,[],0,[],0,0,0,FALSE
2.51ஆ,தனிச் சொற்களை எழுதும் முறை,2.51ஆ,கூட,,கூடுதல் பொருளில் இடம்விட்டு எழுதலாம்,செடிக்குக் கூடத் தண்ணீர் ஊற்று.,சாம்பாரில் உப்பு கூடப் போட்டுவிட்டாய்.,[],0,[],0,0,0,FALSE
2.52,தனிச் சொற்களை எழுதும் முறை,2.52,கூடாது,,இடம்விட்டு எழுதப்படுகிறது,அங்கே போகக் கூடாது.,அவரோடு பேசக் கூடாது.,"[""SEN-00153"", ""SEN-00154""]",2,[],0,0,0,FALSE
2.53,தனிச் சொற்களை எழுதும் முறை,2.53,கூடிய,,"வினையெச்சத்துடன் சேர்த்து, 'உடன்/ஓடு' உடன் சேர்த்து எழுதலாம்",கலவரம் ஏற்படக்கூடிய சூழ்நிலை,உதவக்கூடிய நண்பர்,"[""SEN-00155"", ""SEN-00156""]",2,[],0,0,0,FALSE
2.54,தனிச் சொற்களை எழுதும் முறை,2.54,கூடும்,,சேர்த்து எழுதப்படுகிறது,அவர் வீட்டில் இருக்கக்கூடும்.,ஆற்றில் வெள்ளம் வரக்கூடும்.,[],0,[],0,0,0,FALSE
2.55,தனிச் சொற்களை எழுதும் முறை,2.55,கொண்டு,,சேர்த்து எழுதப்படுகிறது,ஊசிகொண்டு தைத்தல்,ஏர்கொண்டு உழுதல்,[],0,[],0,0,0,FALSE
2.56,தனிச் சொற்களை எழுதும் முறை,2.56,தக்க,,வினையெச்சத்துக்குப் பின் இடம்விட்டு எழுதலாம்,போற்றத் தக்க மனிதர்,காணத் தக்க இடங்கள்,[],0,[],0,0,0,FALSE
2.57,தனிச் சொற்களை எழுதும் முறை,2.57,தகாத,,வினையெச்சத்துக்குப் பின் இடம்விட்டு எழுதலாம்,பேசத் தகாத வார்த்தைகள்,,[],0,[],0,0,0,FALSE
2.58,தனிச் சொற்களை எழுதும் முறை,2.58,தகுந்த,,வினையெச்சத்துக்குப் பின் இடம்விட்டு எழுதலாம்,படிக்கத் தகுந்த நூல்,,[],0,[],0,0,0,FALSE
2.59,தனிச் சொற்களை எழுதும் முறை,2.59,தவிர,,இடம்விட்டு எழுதப்படுகிறது,அம்மாவைத் தவிர வீட்டில் யாரும் இல்லை.,தூங்கும் நேரம் தவிர மற்ற நேரங்களில் வேலை தான்.,"[""SEN-00157""]",1,[],0,0,0,FALSE
2.60அ,தனிச் சொற்களை எழுதும் முறை,2.60அ,தான்,,அழுத்தப் பொருளில் சேர்த்து எழுதலாம்,பொருள் அழுத்தம் தருவதற்குப்,அவன்தான் என்னை அடித்தான்.,"[""SEN-00158"", ""SEN-00159"", ""SEN-00160"", ""SEN-00161""]",4,[],0,0,0,FALSE
2.60ஆ,தனிச் சொற்களை எழுதும் முறை,2.60ஆ,தான்,,பிரதிப்பெயராக இடம்விட்டு எழுதலாம்,தான் சம்பாதித்துச் சேர்த்த பணம் என்று அவள் கூறினாள்.,தான் ஈன்ற கன்றைப் பசு நக்கிக்கொடுத்தது.,[],0,[],0,0,0,FALSE
2.61,தனிச் சொற்களை எழுதும் முறை,2.61,தென்,,அடுத்து வரும் சொல்லுடன் சேர்த்து எழுதலாம்,தென்கடல்,தென்மேற்கு,"[""SEN-00162""]",1,[],0,0,0,FALSE
2.62,தனிச் சொற்களை எழுதும் முறை,2.62,தொட்டு,,முன்னால் வரும் சொல்லுடன் சேர்த்து எழுதலாம்,அன்றுதொட்டு இன்றுவரை,சென்னைக்கு வந்த நாள்தொட்டு,[],0,[],0,0,0,FALSE
2.63,தனிச் சொற்களை எழுதும் முறை,2.63,தோறும்,,முன்னால் வரும் சொல்லுடன் சேர்த்து எழுதலாம்,வெள்ளிதோறும் விடுமுறை,ஆண்டுதோறும் இந்த விழா நடைபெறுகிறது.,[],0,[],0,0,0,FALSE
2.64,தனிச் சொற்களை எழுதும் முறை,2.64,நடு,,அடுத்து வரும் சொல்லுடன் சேர்த்து எழுதலாம்,நடுக்கடலில்,நடுச்சாமம்,"[""SEN-00163""]",1,[],0,0,0,FALSE
2.65,தனிச் சொற்களை எழுதும் முறை,2.65,நடுவில்/நடுவே,,இடம்விட்டு எழுதப்படுகிறது,சாலை நடுவில் மின் கம்பம்,ஊருக்கு நடுவே தெப்பக்குளம்,"[""SEN-00164""]",1,[],0,0,0,FALSE
2.66,தனிச் சொற்களை எழுதும் முறை,2.66,நெடு(ம்),,அடுத்து வரும் சொல்லுடன் சேர்த்து எழுதலாம்,நெடுநாள்,நெடுங்காலம்,"[""SEN-00165""]",1,[],0,0,0,FALSE
2.67,தனிச் சொற்களை எழுதும் முறை,2.67,படி,,சேர்த்து எழுதப்படுகிறது,சட்டப்படி செய்துவிட வேண்டும்.,"நல்ல கொள்கைதான், அதன்படி நடக்க முடியுமா?","[""SEN-00166"", ""SEN-00167""]",2,[],0,0,0,FALSE
2.68அ,தனிச் சொற்களை எழுதும் முறை,2.68அ,பற்றி/பற்றிய,,வேற்றுமை உருபு இல்லாத சொல்லுடன் சேர்த்து எழுதலாம்,இதுபற்றி,,[],0,[],0,0,0,FALSE
2.68ஆ,தனிச் சொற்களை எழுதும் முறை,2.68ஆ,பற்றி/பற்றிய,,வேற்றுமை உருபு ஏற்ற சொல்லுடன் இடம்விட்டு எழுதலாம்,இதைப் பற்றிய,,[],0,[],0,0,0,FALSE
2.69,தனிச் சொற்களை எழுதும் முறை,2.69,பார்க்கிலும்,,இடம்விட்டு எழுதப்படுகிறது,வெயிலைப் பார்க்கிலும் குளிர் தாங்கிக் கொள்ளக்கூடியதே.,முன்னைப் பார்க்கிலும் இப்போது பெருத்திருக்கிறாய்.,[],0,[],0,0,0,FALSE
2.70,தனிச் சொற்களை எழுதும் முறை,2.70,பிரகாரம்,,சேர்த்து எழுதப்படுகிறது,சட்டப்பிரகாரம் செய்துவிட வேண்டும்.,அதன்பிரகாரம் நடக்க முடியுமா?,[],0,[],0,0,0,FALSE
2.71அ,தனிச் சொற்களை எழுதும் முறை,2.71அ,பிறகு,,பெயரெச்சத்துடன் சேர்த்து எழுதலாம்,அவர் போனபிறகு என்ன செய்தாய்?,,[],0,[],0,0,0,FALSE
2.71ஆ,தனிச் சொற்களை எழுதும் முறை,2.71ஆ,பிறகு,,உருபு ஏற்ற சொல்லுடன் இடம்விட்டு எழுதலாம்,பெற்றோர் காலமானபிறகு கிராமத்தில் இருக்க விரும்பவில்லை.,அதற்குப் பிறகு கடிதம் வரவில்லை.,"[""SEN-00168""]",1,[],0,0,0,FALSE
2.72,தனிச் சொற்களை எழுதும் முறை,2.72,பின்,,அடுத்து வரும் சொல்லுடன் சேர்த்து எழுதலாம்,பின்தலை,பின்பக்கம்,"[""SEN-00169""]",1,[],0,0,0,FALSE
2.73அ,தனிச் சொற்களை எழுதும் முறை,2.73அ,பின்/பின்பு/பின்னே/பின்னால்,,பெயரெச்சத்துடன் சேர்த்து எழுதலாம்,திருமணமானபின் தனிக்குடித்தனம்,குழந்தைகள் தூங்கியபின்பு வீடு அமைதியாக இருந்தது.,[],0,[],0,0,0,FALSE
2.73ஆ,தனிச் சொற்களை எழுதும் முறை,2.73ஆ,பின்/பின்னே/பின்னால்,,உருபு ஏற்ற சொல்லுடன் இடம்விட்டு எழுதலாம்,கதவுக்குப் பின்,வீட்டின் பின்னால்,[],0,[],0,0,0,FALSE
2.74,தனிச் சொற்களை எழுதும் முறை,2.74,புதிதில்,,பெயரெச்சத்துடன் இடம்விட்டு எழுதலாம்,ஊருக்கு வந்த புதிதில் இது நடந்தது.,வேலைக்குச் சேர்ந்த புதிதில் இருந்த உற்சாகம்.,[],0,[],0,0,0,FALSE
2.75,தனிச் சொற்களை எழுதும் முறை,2.75,பூர்வமாக/பூர்வமான,,பெயர்ச்சொல்லுடன் சேர்த்து எழுதலாம்,நான் சொன்னதை மனப்பூர்வமாக ஆதரித்தார்.,உணர்வுபூர்வமான விவாதம்.,[],0,[],0,0,0,FALSE
2.76அ,தனிச் சொற்களை எழுதும் முறை,2.76அ,பேரில்,,உருபு இல்லாத சொல்லுடன் சேர்த்து எழுதலாம்,,,[],0,[],0,0,0,FALSE
2.76ஆ,தனிச் சொற்களை எழுதும் முறை,2.76ஆ,பேரில்,,உருபு ஏற்ற சொல்லுடன் இடம்விட்டு எழுதலாம்,என்பேரில் கோபம்,அவன்பேரில் தவறு,"[""SEN-00170"", ""SEN-00171"", ""SEN-00172""]",3,[],0,0,0,FALSE
2.77,தனிச் சொற்களை எழுதும் முறை,2.77,பொருட்டு,,இடம்விட்டு எழுதப்படுகிறது,உன் பொருட்டு ஒப்புக்கொள்ள வேண்டியதாயிற்று.,காத்துக்கொள்ளும் பொருட்டுத் தாக்குவது குற்றமல்ல.,[],0,[],0,0,0,FALSE
2.78,தனிச் சொற்களை எழுதும் முறை,2.78,பொழுது,,சேர்த்து எழுதப்படுகிறது,,,[],0,[],0,0,0,FALSE
2.79,தனிச் சொற்களை எழுதும் முறை,2.79,போதிலும்,,பெயரெச்சத்துடன் சேர்த்து எழுதலாம்,உடன்பாடு ஏற்பட்டபோதிலும் சண்டை ஓயவில்லை.,சொந்த வீடு இருந்தபோதிலும்...,[],0,[],0,0,0,FALSE
2.80,தனிச் சொற்களை எழுதும் முறை,2.80,போது,,பெயரெச்சம்/பெயர்ச்சொல்லுடன் சேர்த்து எழுதலாம்,கல்லூரிக்கு வருகிறபோது பார்த்தேன்.,கீழே விழுந்தபோது பையில் பணம் இருந்தது.,"[""SEN-00173"", ""SEN-00174""]",2,[],0,0,0,FALSE
2.81,தனிச் சொற்களை எழுதும் முறை,2.81,போய்,,சேர்த்து எழுதப்படுகிறது,குழந்தையைப்போய் ஏன் அடிக்கிறாய்?,என்னைப் போய்ச் சோம்பேறி என்கிறாயே!,"[""SEN-00175""]",1,[],0,0,0,FALSE
2.82,தனிச் சொற்களை எழுதும் முறை,2.82,போல்/போல,,"உருபு இல்லாத சொற்களுடன், வினை வடிவங்களுடன் சேர்த்து எழுதலாம்",வதந்தி தீப்போல் பரவியது.,தொடர்ந்தாற்போல் பல நிகழ்ச்சிகள்,"[""SEN-00176""]",1,[],0,0,0,FALSE
2.83,தனிச் சொற்களை எழுதும் முறை,2.83,போலும்,,வாக்கிய இறுதியில் இடம்விட்டு எழுதப்படுகிறது,அவர் வந்திருந்தார் போலும்.,அது அவரின் சொந்த வீடு போலும்.,[],0,[],0,0,0,FALSE
2.84,தனிச் சொற்களை எழுதும் முறை,2.84,போன்ற,,எப்போதும் இடம்விட்டு எழுதப்படுகிறது,பாம்பு போன்ற விஷ ஜந்துகள்,அவரைப் போன்ற கருமி யாரும் இல்லை.,[],0,[],0,0,0,FALSE
2.85,தனிச் சொற்களை எழுதும் முறை,2.85,போன்று,,எப்போதும் இடம்விட்டு எழுதப்படுகிறது,அவரைப் போன்று பேசக் கூடியவர் ஒருவரும் இல்லை.,கண் மங்குவது போன்று இருந்தது.,"[""SEN-00177""]",1,[],0,0,0,FALSE
2.86,தனிச் சொற்களை எழுதும் முறை,2.86,மட்டில்,,பெயரெச்சத்துடன் சேர்த்து எழுதலாம்,எனக்குத் தெரிந்தமட்டில் அவன் நல்லவனே.,அவரைப் பொறுத்தமட்டில் பிரச்சனை முடிந்தது.,[],0,[],0,0,0,FALSE
2.87அ,தனிச் சொற்களை எழுதும் முறை,2.87அ,மட்டும்,,பெயரெச்சத்துடன் சேர்த்து எழுதலாம்,எனக்குத் தெரிந்தமட்டும் சொல்லிவிட்டேன்.,,[],0,[],0,0,0,FALSE
2.87ஆ,தனிச் சொற்களை எழுதும் முறை,2.87ஆ,மட்டும்,,பிற சொற்களுடன் இடம்விட்டு எழுதலாம்,நீ மட்டும் போகலாம்.,குழந்தைகள் மட்டும் இங்கே இருக்கலாம்.,"[""SEN-00178""]",1,[],0,0,0,FALSE
2.88,தனிச் சொற்களை எழுதும் முறை,2.88,மயம்,,பெயர்ச்சொல்லுடன் சேர்த்து எழுதலாம்,எங்கும் ஒளிமயம்,தெருவில் குப்பைமயம்,[],0,[],0,0,0,FALSE
2.89,தனிச் சொற்களை எழுதும் முறை,2.89,மாட்டு,,வினையெச்சத்துடன் சேர்த்து எழுதப்படுகிறது,’ரமாட்டேன்.,ஒத்துழைக்கமாட்டேன்,"[""SEN-00179""]",1,[],0,0,0,FALSE
2.90,தனிச் சொற்களை எழுதும் முறை,2.90,மாத்திரத்தில்,,பெயரெச்சத்துடன் இடம்விட்டு எழுதலாம்,வீட்டைப் பார்த்த மாத்திரத்தில்,பிடித்துவிட்டது.,[],0,[],0,0,0,FALSE
2.91,தனிச் சொற்களை எழுதும் முறை,2.91,மாதிரி,,பெயரெச்சத்துடன் சேர்த்து எழுதலாம்,எல்லோரும் படிக்கிறமாதிரி நீயும் படி.,எல்லாம் தெரிந்தமாதிரி பேசுகிறார்.,[],0,[],0,0,0,FALSE
2.92அ,தனிச் சொற்களை எழுதும் முறை,2.92அ,மீது/மீதான,,உருபு இல்லாத சொல்லுடன் சேர்த்து எழுதலாம்,கிளைமீது,,[],0,[],0,0,0,FALSE
2.92ஆ,தனிச் சொற்களை எழுதும் முறை,2.92ஆ,மீது/மீதான,,உருபு ஏற்ற சொல்லுடன் இடம்விட்டு எழுதலாம்,கிளையின் மீது,,[],0,[],0,0,0,FALSE
2.93,தனிச் சொற்களை எழுதும் முறை,2.93,முகமாக,,பெயரெச்சத்துடன் சேர்த்து எழுதலாம்,கப்பலைப் பார்க்க வந்தமுகமாக இருக்கிறார்கள்.,எச்சரிக்கும்முகமாகச் செய்திருக்கும் ஏற்பாடு,[],0,[],0,0,0,FALSE
2.94,தனிச் சொற்களை எழுதும் முறை,2.94,முடியும்/முடியாது,,இடம்விட்டு எழுதப்படுகிறது,என்னால் ஐந்து மணிக்குள் வந்துவிட முடியும்.,இதை யாராலும் தடுக்க முடியாது.,[],0,[],0,0,0,FALSE
2.95,தனிச் சொற்களை எழுதும் முறை,2.95,முதல்,,சேர்த்து எழுதப்படுகிறது,அன்றுமுதல் தொடர்கிறது.,இந்த நட்பு.,"[""SEN-00180"", ""SEN-00181""]",2,[],0,0,0,FALSE
2.96,தனிச் சொற்களை எழுதும் முறை,2.96,முன்,,அடுத்து வரும் சொல்லுடன் சேர்த்து எழுதலாம்,முன்கால்,முன்புறம்,"[""SEN-00182""]",1,[],0,0,0,FALSE
2.97அ,தனிச் சொற்களை எழுதும் முறை,2.97அ,முன்/முன்பு/முன்பே/முன்னே/முன்னால்,,"உருபு இல்லாத சொல்லுடன், பெயரெச்சத்துடன் சேர்த்து எழுதலாம்",முன்னால்,கண்முன்,"[""SEN-00183"", ""SEN-00184"", ""SEN-00185"", ""SEN-00186""]",4,[],0,0,0,FALSE
2.97ஆ,தனிச் சொற்களை எழுதும் முறை,2.97ஆ,முன்/முன்பு/முன்னே/முன்னால்,,உருபு ஏற்ற சொல்லுடன் இடம்விட்டு எழுதலாம்,முன்னால்,தொலைபேசியின் முன்,"[""SEN-00187""]",1,[],0,0,0,FALSE
2.98அ,தனிச் சொற்களை எழுதும் முறை,2.98அ,மூலம்,,உருபு இல்லாத சொல்லுடன் சேர்த்து எழுதலாம்,ஆள்மூலம்,,[],0,[],0,0,0,FALSE
2.98ஆ,தனிச் சொற்களை எழுதும் முறை,2.98ஆ,மூலம்,,உருபு ஏற்ற சொல்லுடன் இடம்விட்டு எழுதலாம்,ஆளின் மூலம்,,[],0,[],0,0,0,FALSE
2.99அ,தனிச் சொற்களை எழுதும் முறை,2.99அ,மேல்,,அடுத்து வரும் சொல்லுடன் சேர்த்து எழுதலாம்,மேல்தட்டு,மேல்மாடி,"[""SEN-00188"", ""SEN-00189""]",2,[],0,0,0,FALSE
2.99ஆ,தனிச் சொற்களை எழுதும் முறை,2.99ஆ,மேல்,,"மேன்மை/உயர்வு பொருளில், உருபுடன் இடம்விட்டு எழுதலாம்",கடன் வாங்காமல் இருப்பது மேல்.,அதற்கு இது மேல்.,"[""SEN-00190""]",1,[],0,0,0,FALSE
2.100,தனிச் சொற்களை எழுதும் முறை,2.100,மேல/மேலை,,இடம்விட்டு எழுதப்படுகிறது,மேல் நாடுகள்,மேல வாசல்,"[""SEN-00191""]",1,[],0,0,0,FALSE
2.101,தனிச் சொற்களை எழுதும் முறை,2.101,வசம்,,உருபு இல்லாத சொல்லுடன் சேர்த்து எழுதலாம்,என்வசம் கொடுத்துவிட்டார்.,எல்லாம் விதிவசம்.,[],0,[],0,0,0,FALSE
2.102,தனிச் சொற்களை எழுதும் முறை,2.102,வட,,இடம்விட்டு எழுதப்படுகிறது,வட புலம்,வட இந்தியா,"[""SEN-00192""]",1,[],0,0,0,FALSE
2.103,தனிச் சொற்களை எழுதும் முறை,2.103,வண்ணம்,,பெயரெச்சத்துடன் சேர்த்து எழுதலாம்,யாருக்கும் தெரியாதவண்ணம் அதை மறைத்துவிட்டார்.,பெயர் நிலைக்கும்வண்ணம் ஏதாவதுசெய்.,"[""SEN-00193""]",1,[],0,0,0,FALSE
2.104,தனிச் சொற்களை எழுதும் முறை,2.104,வரை/வரைக்கும்/வரையில்,,சேர்த்து எழுதப்படுகிறது,காலைமுதல் மாலைவரை கோயிலில் பூஜை,இயன்றவரையில் உதவிசெய்தார்.,"[""SEN-00194"", ""SEN-00195""]",2,[],0,0,0,FALSE
2.105,தனிச் சொற்களை எழுதும் முறை,2.105,வலது,,இடம்விட்டு எழுதப்படுகிறது,வலது கை,வலது புறம்,[],0,[],0,0,0,FALSE
2.106,தனிச் சொற்களை எழுதும் முறை,2.106,வழி,,பெயர்ச்சொல்லுடன் சேர்த்து எழுதலாம்,எழுத்துவழித் தகவல்,கடிதவழித் தொடர்பு,"[""SEN-00196""]",1,[],0,0,0,FALSE
2.107,தனிச் சொற்களை எழுதும் முறை,2.107,வழியாக,,இடம்விட்டு எழுதப்படுகிறது,ஜன்னல் வழியாகப் பார்.,மதுரை வழியாகச் செல்கிற பேருந்து.,[],0,[],0,0,0,FALSE
2.108,தனிச் சொற்களை எழுதும் முறை,2.108,வாக்கில்,,சேர்த்து எழுதப்படுகிறது,நீளவாக்கில் மடி.,ஐந்து மணிவாக்கில் வா.,"[""SEN-00197""]",1,[],0,0,0,FALSE
2.109,தனிச் சொற்களை எழுதும் முறை,2.109,விட,,ஒப்பீட்டுப் பொருளில் சேர்த்து எழுதலாம்,அவருக்குப் பாசத்தைவிடப் பணம் தான் பெரிது.,கடனாகக் கொடுப்பதைவிட இனமாகக் கொடுத்துவிடலாம்.,[],0,[],0,0,0,FALSE
2.110,தனிச் சொற்களை எழுதும் முறை,2.110,வெகு,,அடுத்து வரும் சொல்லுடன் சேர்த்து எழுதலாம்,வெகுநேரம்,வெகுதொலைவு,"[""SEN-00198""]",1,[],0,0,0,FALSE
2.111,தனிச் சொற்களை எழுதும் முறை,2.111,வேண்டும்/வேண்டாம்,,இடம்விட்டு எழுதப்படுகிறது,நிறைய தண்ணீர் குடிக்க வேண்டும்.,நன்றியுடன் நினைத்தல் வேண்டும்.,"[""SEN-00199""]",1,[],0,0,0,FALSE
2.112,தனிச் சொற்களை எழுதும் முறை,2.112,வேறு,,'ஒரு/ஒருவர்/பல/சில/இடம்' உடன் சேர்த்து எழுதலாம்,வேறொரு பக்கத்தில்,வேறொருவர்,"[""SEN-00200"", ""SEN-00201""]",2,[],0,0,0,FALSE
3.0.1,சந்தி,3.0.1,சந்தி விதிவிலக்கு,விதிவிலக்கு 1,ஒற்று இட வேண்டிய சொல்லின் பின் கால்புள்ளியைப் பயன்படுத்துவதால் ஒற்று மிகுவது தவிர்க்கப்படுகிறது.,"வைதீக மரபுக்கு மாற்றாக, பத்தொன்பதாம் நூற்றாண்டின்...",,[],0,[],0,0,0,FALSE
3.0.2,சந்தி,3.0.2,சந்தி விதிவிலக்கு,விதிவிலக்கு 2,மேற்கோள் குறிக்குள் இருக்கும் சொல் ஒற்று மிகுவதற்குக் காரணமாக இருந்தாலும் ஒற்று இடுவது தவிர்க்கப்படுகிறது.,அதனை ‘தினமணி’யில் வெளியிட்டிருக்கிறார்.,,[],0,[],0,0,0,FALSE
3.0.3,சந்தி,3.0.3,சந்தி விதிவிலக்கு,விதிவிலக்கு 3,இது போன்றே அடைப்புக்குறிக்குள் இருக்கும் சொல்லால் ஒற்று மிகலாம் என்றாலும் ஒற்று மிகுவது தவிர்க்கப்படக் காண்கிறோம்.,எனக்கு அவரை (பாடலாசிரியராக) தெரியாது.,,[],0,[],0,0,0,FALSE
3.0.4,சந்தி,3.0.4,சந்தி விதிவிலக்கு,விதிவிலக்கு 4,"மேலும், அடைப்புக்குறியின் உள்ளேயும் வெளியேயும் கீழே காட்டியிருப்பது போல் ஒற்று இடுவது இன்று மிகவும் குறைவு.",எனக்கு அவரை (அரசியல்வாதியாகத்) தெரியாது.,எனக்கு அவரை (அரசியல்வாதியாக)த் தெரியாது.,"[""SEN-00202"", ""SEN-00203"", ""SEN-00204"", ""SEN-00205"", ""SEN-00206"", ""SEN-00207"", ""SEN-00208""]",7,[],0,0,0,FALSE
3.0.5,சந்தி,3.0.5,சந்தி விதிவிலக்கு,விதிவிலக்கு 5,சொல் ஒரு சுருக்கக்குறியீடாக இருக்குமானால் - அது ஒற்று மிகுவதற்குக் காரணமாக இருந்தாலும் - ஒற்று மிகாமல் எழுதப்படுகிறது.,மின்னிணைப்பை தமிவா (= தமிழ்நாடு மின்சார வாரியம்) துண்டித்தது.,"இந்தக் கையேட்டில் மேலே கூறியவாறு நிறுத்தக்குறிகள், சுருக்கக்குறியீடுகள் வரும் போது","[""SEN-00209""]",1,[],0,0,0,FALSE
3.1,சந்தி,3.1,அ,,"அ + க,ச,த,ப → ஒற்று மிகும் (அந்த+சாலை=அந்தச் சாலை); அ + உயிர் → வ் இடையில் வரலாம்; அ + முதல்சொல் மீண்டும் → அ மறையும்",அந்தச் சாலை,இந்தத் தேர்தல்,"[""SEN-00210"", ""SEN-00211"", ""SEN-00212"", ""SEN-00213"", ""SEN-00214"", ""SEN-00215"", ""SEN-00216"", ""SEN-00217""]",8,[],0,0,0,FALSE
3.2,சந்தி,3.2,ஆ,,"ஆ + க,ச,த,ப → ஒற்று மிகும் (பலா+கொட்டை=பலாக்கொட்டை); ஆ + கள் → க் மிகும்",பலாக் கொட்டை,பாப்பாப்,"[""SEN-00218"", ""SEN-00219"", ""SEN-00220"", ""SEN-00221"", ""SEN-00222"", ""SEN-00223"", ""SEN-00224"", ""SEN-00225""]",8,[],0,0,0,FALSE
3.3,சந்தி,3.3,இ,,"இ + க,ச,த,ப → ஒற்று மிகும் (துணி+கடை=துணிக்கடை); இ + உயிர் → ய் வருவதில்லை",துணிக் கடை,கத்தரிச் செடி,"[""SEN-00226"", ""SEN-00227"", ""SEN-00228"", ""SEN-00229"", ""SEN-00230"", ""SEN-00231"", ""SEN-00232"", ""SEN-00233""]",8,[],0,0,0,FALSE
3.4,சந்தி,3.4,ஈ,,"ஈ + க,ச,த,ப → ஒற்று மிகும் (ஈ+கடி=ஈக்கடி); ஈ + கள் → க் மிகும்; ஈ + உயிர் → ய் வரும்",ஈக்கடி,தீச்சுடர்,"[""SEN-00234"", ""SEN-00235"", ""SEN-00236"", ""SEN-00237""]",4,[],0,0,0,FALSE
3.5,சந்தி,3.5,உ,,"உ + க,ச,த,ப → ஒற்று மிகும் (தேக்கு+கட்டை=தேக்குக்கட்டை); வினையெச்சம் (டு,த்து,ற்று) → மிகும், (ண்டு,ந்து) → மிகாது",தேக்குக்,பளிங்குச் சிலை,"[""SEN-00238"", ""SEN-00239"", ""SEN-00240"", ""SEN-00241"", ""SEN-00242"", ""SEN-00243"", ""SEN-00244"", ""SEN-00245""]",8,[],0,0,0,FALSE
3.6,சந்தி,3.6,ஊ,,"ஊ + க,ச,த,ப → ஒற்று மிகும் (பூ+செடி=பூச்செடி); மறைந்த ம் → ங்,ஞ்,ந் என மாறும் (பூங்கொடி); ஊ + உயிர் → வ் வரும்",பூச்செடி,பூச் சொரி,"[""SEN-00246"", ""SEN-00247"", ""SEN-00248"", ""SEN-00249"", ""SEN-00250"", ""SEN-00251"", ""SEN-00252"", ""SEN-00253""]",8,[],0,0,0,FALSE
3.7,சந்தி,3.7,ஏ,,"ஏ + க,ச,த,ப → ஒற்று மிகாது; ஏ + 'இருந்து' சொல்லுருபாக → ய் வரும்",உள்ளே அமைந்த,வெளியே இல்லை,"[""SEN-00254"", ""SEN-00255"", ""SEN-00256""]",3,[],0,0,0,FALSE
3.8,சந்தி,3.8,ஐ,,"ஐ + க,ச,த,ப → ஒற்று மிகும் (ஓரெழுத்து, வேற்றுமைத்தொகை, இடப்பெயர்); ஐ + உயிர் → ய் வரும்",கைத்துண்டு,கைப்பாங்கு,"[""SEN-00257"", ""SEN-00258"", ""SEN-00259"", ""SEN-00260"", ""SEN-00261"", ""SEN-00262"", ""SEN-00263"", ""SEN-00264""]",8,[],0,0,0,FALSE
3.9,சந்தி,3.9,ஓ/ஔ,,ஓ + உயிர் → வ் வரலாம்,ஐயோவென்று,ஓகோவென்று,[],0,[],0,0,0,FALSE
3.10,சந்தி,3.10,க்,,க் + உயிர் → க் இரட்டிக்கிறது (பிறமொழிச்சொல்),பிளாஸ்டிக்கால்,மைக்காவது,[],0,[],0,0,0,FALSE
3.11,சந்தி,3.11,கு,,"கு + க,ச,த,ப → ஒற்று மிகும் (வேற்றுமை உருபு)",குழந்தைக்குக் கொடு,குடிநீருக்குத்தட்டுப்பாடு,"[""SEN-00265"", ""SEN-00266""]",2,[],0,0,0,FALSE
3.12,சந்தி,3.12,ங்,,ங் + உயிர் → க் வருகிறது (பிறமொழிச்சொல்),மோர்சிங்கா,,[],0,[],0,0,0,FALSE
3.13,சந்தி,3.13,ச்,,ச் + உயிர் → ச் இரட்டிக்கிறது (பிறமொழி) (சர்ச்+இல்=சர்ச்சில்); ஞ் உடன் மிகாது,சர்ச்சில்,சர்ச்சும்,[],0,[],0,0,0,FALSE
3.14,சந்தி,3.14,சு,,காண்க: உ,,,[],0,[],0,0,0,FALSE
3.15,சந்தி,3.15,ட்,,ட் + உயிர் → ட் இரட்டிக்கிறது (பிறமொழி),பட்ஜெட்டை,பட்ஜெட்டாவது,[],0,[],0,0,0,FALSE
3.16,சந்தி,3.16,டு,,காண்க: உ,,,[],0,[],0,0,0,FALSE
3.17,சந்தி,3.17,ண்,,"ண் + க,ச,த,ப → மாற்றங்கள்; ண் + கள் → மாறாது; ண் + உயிர் → இரட்டிக்கும் (ஓரசை)",மண்குடம்,மண் பானை,"[""SEN-00267"", ""SEN-00268"", ""SEN-00269"", ""SEN-00270"", ""SEN-00271"", ""SEN-00272""]",6,[],0,0,0,FALSE
3.18,சந்தி,3.18,ணு,,காண்க: உ,,,[],0,[],0,0,0,FALSE
3.19,சந்தி,3.19,த்,,த் + உயிர் → த் இரட்டிக்கிறது (பிறமொழி) (காமன்வெல்த்+இல்=காமன்வெல்த்தில்); ந் உடன் மிகாது,காமன் வெல்த்தில்,குவைத்தும்,"[""SEN-00273""]",1,[],0,0,0,FALSE
3.20,சந்தி,3.20,து,,காண்க: உ,,,[],0,[],0,0,0,FALSE
3.21,சந்தி,3.21,பு,,காண்க: உ,,,[],0,[],0,0,0,FALSE
3.22,சந்தி,3.22,ம்,,"ம் + க,ச,த → ங்,ஞ்,ந் என மாறலாம்; ம் + கள் → ங் என மாறும்; ம் + வேற்றுமை → ம் மறைந்து ஒற்று மிகும்; ம் + உயிர் → ம் மறைந்து வ் வரும்",மனங்கலங்கு,கடுஞ்சொல்,"[""SEN-00274"", ""SEN-00275"", ""SEN-00276"", ""SEN-00277"", ""SEN-00278"", ""SEN-00279"", ""SEN-00280"", ""SEN-00281""]",8,[],0,0,0,FALSE
3.23,சந்தி,3.23,ய்,,"ய் + க,ச,த,ப → ஒற்று மிகும் (பேய்+காற்று=பேய்க்காற்று); ய் + கள் → மிகாது; ய் + உயிர் → இரட்டிக்கும்",பேய்க் காற்று,வாய்ச் சொல்,"[""SEN-00282"", ""SEN-00283"", ""SEN-00284"", ""SEN-00285"", ""SEN-00286"", ""SEN-00287"", ""SEN-00288"", ""SEN-00289""]",8,[],0,0,0,FALSE
3.24,சந்தி,3.24,ர்,,"ர் + க,ச,த,ப → ஒற்று மிகும் (வேற்றுமை) (தண்ணீர்+குழாய்=தண்ணீர்க் குழாய்); பிறமொழிக்கலவை → மிகாது",தண்ணீர்க் குழாய்,தயிர்ச்சோறு,"[""SEN-00290"", ""SEN-00291"", ""SEN-00292"", ""SEN-00293"", ""SEN-00294"", ""SEN-00295"", ""SEN-00296"", ""SEN-00297""]",8,[],0,0,0,FALSE
3.25,சந்தி,3.25,ரு,,காண்க: உ,,,[],0,[],0,0,0,FALSE
3.26,சந்தி,3.26,ல்,,"ல் + க,ச,த,ப → ல் ற் என மாறலாம் (நெல்+கதிர்=நெற்கதிர்); ல் + கள் → மாறும் (ஓரசை) (கல்+கள்=கற்கள்); ல் + உயிர் → இரட்டிக்கலாம்",நெற்கதிர்,கற்சிலை,"[""SEN-00298"", ""SEN-00299"", ""SEN-00300"", ""SEN-00301"", ""SEN-00302"", ""SEN-00303"", ""SEN-00304"", ""SEN-00305""]",8,[],0,0,0,FALSE
3.27,சந்தி,3.27,லு,,காண்க: உ,,,[],0,[],0,0,0,FALSE
3.28,சந்தி,3.28,ழ்,,"ழ் + க,ச,த,ப → ஒற்று மிகும்",தமிழ்க் கல்வி,தமிழ்ச்செய்யுள்,"[""SEN-00306"", ""SEN-00307"", ""SEN-00308"", ""SEN-00309"", ""SEN-00310""]",5,[],0,0,0,FALSE
3.29,சந்தி,3.29,ழு,,காண்க: உ,,,[],0,[],0,0,0,FALSE
3.30,சந்தி,3.30,ள்,,"ள் + க,ச,த,ப → ள் ட் என மாறலாம் (திங்கள்+கிழமை=திங்கட்கிழமை); ள் + உ → ஒற்று மிகும் (ஓரசை)",திங்கட்கிழமை,திங்கள் கிழமை,"[""SEN-00311"", ""SEN-00312"", ""SEN-00313"", ""SEN-00314"", ""SEN-00315"", ""SEN-00316"", ""SEN-00317"", ""SEN-00318""]",8,[],0,0,0,FALSE
3.31,சந்தி,3.31,ளு,,காண்க: உ,,,[],0,[],0,0,0,FALSE
3.32,சந்தி,3.32,ன்,,"ன் + க,ச,ப → மறையும் (வேற்றுமை); ன் + க,ப → ற் என மாறலாம் (பொன்+காசு=பொற்காசு); ன் + உயிர் → இரட்டிக்கும்",அரச கட்டளை,அரச சின்னம்,"[""SEN-00319"", ""SEN-00320"", ""SEN-00321"", ""SEN-00322"", ""SEN-00323"", ""SEN-00324"", ""SEN-00325"", ""SEN-00326""]",8,[],0,0,0,FALSE
3.33,சந்தி,3.33,னு,,காண்க: உ,,,[],0,[],0,0,0,FALSE
3.34,சந்தி,3.34,ஜ்,,பிறமொழி; ஜ் + கள் → கள் பன்மை விகுதி; ஜ் + உயிர் → உயிர்மெய்யாக எழுதப்படுகிறது,காலேஜ்கள்,ஃபிரிட்ஜில்,[],0,[],0,0,0,FALSE
3.35,சந்தி,3.35,ஷ்,,பிறமொழி; ஷ் + கள் → கள் பன்மை விகுதி; ஷ் + உயிர் → உயிர்மெய்யாக எழுதப்படுகிறது,பாலிஷ்கள்,தமாஷாக,[],0,[],0,0,0,FALSE
3.36,சந்தி,3.36,ஸ்,,பிறமொழி; ஸ் + கள் → கள் பன்மை விகுதி; ஸ் + உயிர் → ஸ்/ச் என ஆகி உயிர் ஏற்கும்,பஸ்கள்,சூட்கேஸ்கள்,"[""SEN-00327"", ""SEN-00328"", ""SEN-00329"", ""SEN-00330"", ""SEN-00331"", ""SEN-00332"", ""SEN-00333"", ""SEN-00334""]",8,[],0,0,0,FALSE
